{
  "metadata": {
    "n_clusters": 5,
    "n_features": 85,
    "random_state": 42
  },
  "clusters": {
    "cluster_0": {
      "feature_count": 36,
      "features": [
        "E1",
        "E10",
        "E11",
        "E13",
        "E14",
        "E15",
        "E4",
        "E6",
        "I1",
        "I3",
        "I4",
        "I6",
        "I7",
        "M15",
        "M16",
        "M8",
        "P1",
        "P10",
        "P11",
        "P13",
        "P8",
        "P9",
        "S10",
        "S11",
        "S4",
        "S6",
        "S7",
        "S9",
        "V1",
        "V11",
        "V12",
        "V2",
        "V3",
        "V4",
        "V6",
        "V8"
      ],
      "characteristics": {
        "mean_hurst": 0.30092611916365164,
        "mean_adf_pvalue": 0.019513484141597967,
        "mean_volatility": 0.10064522218787261,
        "mean_autocorr": 0.9354178682392271,
        "mean_skewness": 0.5777585963562415,
        "mean_kurtosis": 2.0395899946143228
      },
      "type": "mean_reverting"
    },
    "cluster_1": {
      "feature_count": 22,
      "features": [
        "E16",
        "E17",
        "E18",
        "E2",
        "E3",
        "E7",
        "I2",
        "I5",
        "I9",
        "M1",
        "M10",
        "M11",
        "M12",
        "M5",
        "M7",
        "M9",
        "P2",
        "S1",
        "S2",
        "S3",
        "S8",
        "V5"
      ],
      "characteristics": {
        "mean_hurst": 0.4210344344776751,
        "mean_adf_pvalue": 0.022749029105200026,
        "mean_volatility": 0.3568264420673754,
        "mean_autocorr": 0.9875313446742614,
        "mean_skewness": -0.01812937062395328,
        "mean_kurtosis": 2.0909324599927506
      },
      "type": "mean_reverting"
    },
    "cluster_2": {
      "feature_count": 13,
      "features": [
        "E19",
        "E8",
        "M3",
        "M4",
        "M6",
        "P12",
        "P5",
        "P6",
        "S5",
        "V10",
        "V13",
        "V7",
        "V9"
      ],
      "characteristics": {
        "mean_hurst": 0.1684455108333933,
        "mean_adf_pvalue": 7.550427028817872e-06,
        "mean_volatility": 0.6204077308097419,
        "mean_autocorr": 0.8500925027286317,
        "mean_skewness": 2.767049737278649,
        "mean_kurtosis": 22.96341685288863
      },
      "type": "mean_reverting"
    },
    "cluster_3": {
      "feature_count": 9,
      "features": [
        "E12",
        "E20",
        "E5",
        "E9",
        "I8",
        "M13",
        "M14",
        "M17",
        "M18"
      ],
      "characteristics": {
        "mean_hurst": 0.5391669866492038,
        "mean_adf_pvalue": 0.3740523341802168,
        "mean_volatility": 0.045667423632623716,
        "mean_autocorr": 0.998903917456533,
        "mean_skewness": 0.20428395066413893,
        "mean_kurtosis": 0.08562451853659302
      },
      "type": "random_walk"
    },
    "cluster_4": {
      "feature_count": 5,
      "features": [
        "M2",
        "P3",
        "P4",
        "P7",
        "S12"
      ],
      "characteristics": {
        "mean_hurst": 0.006501719681765094,
        "mean_adf_pvalue": 1.844527438699921e-18,
        "mean_volatility": 0.6877507193418804,
        "mean_autocorr": 0.15294074669945898,
        "mean_skewness": 0.19531565672196455,
        "mean_kurtosis": -0.43189816525949853
      },
      "type": "mean_reverting"
    }
  }
}